date,rainfall_mm,active_trucks,excavator_hours,daily_production_tons,shortfall_risk_class
2023-01-01,0.37,23,18.0,962.0,0
2023-01-02,0.31,22,16.7,878.2,0
2023-01-03,2.27,23,18.0,998.2,0
2023-01-04,0.65,24,18.0,979.8,0
2023-01-05,0.09,22,18.0,949.5,0
2023-01-06,5.22,22,17.7,921.4,0
2023-01-07,3.23,25,18.0,974.1,0
2023-01-08,3.94,21,16.2,866.0,0
2023-01-09,7.92,24,17.8,996.8,0
2023-01-10,0.29,23,17.6,935.8,0
2023-01-11,0.76,24,17.7,961.9,0
2023-01-12,2.13,24,16.3,951.4,0
2023-01-13,1.79,23,18.0,948.0,0
2023-01-14,0.25,24,17.8,977.7,0
2023-01-15,2.54,20,16.5,871.2,0
2023-01-16,0.38,25,18.0,986.1,0
2023-01-17,0.38,23,18.0,960.2,0
2023-01-18,1.15,21,18.0,931.2,0
2023-01-19,1.35,23,18.0,946.0,0
2023-01-20,1.3,25,18.0,1006.3,0
2023-01-21,0.14,20,18.0,889.1,0
2023-01-22,3.15,24,16.0,897.9,0
2023-01-23,0.46,21,18.0,887.5,0
2023-01-24,0.21,22,18.0,925.9,0
2023-01-25,3.29,24,17.2,932.5,0
2023-01-26,4.67,25,17.9,978.9,0
2023-01-27,2.97,23,18.0,966.2,0
2023-01-28,2.49,21,17.9,880.7,0
2023-01-29,1.6,25,18.0,950.5,0
2023-01-30,1.2,24,16.7,919.5,0
2023-01-31,0.14,24,18.0,981.2,0
2023-02-01,0.79,25,16.8,958.8,0
2023-02-02,0.7,23,18.0,938.7,0
2023-02-03,0.45,24,18.0,995.4,0
2023-02-04,1.93,23,18.0,940.8,0
2023-02-05,1.03,24,15.6,909.6,0
2023-02-06,0.13,25,18.0,982.7,0
2023-02-07,0.37,24,16.9,920.2,0
2023-02-08,1.72,25,18.0,977.9,0
2023-02-09,0.12,23,14.8,873.5,0
2023-02-10,2.86,24,16.7,941.3,0
2023-02-11,1.03,23,18.0,973.4,0
2023-02-12,0.98,24,18.0,979.2,0
2023-02-13,1.35,23,17.0,892.6,0
2023-02-14,2.61,22,17.0,948.7,0
2023-02-15,0.64,24,17.7,971.7,0
2023-02-16,1.7,23,17.9,960.5,0
2023-02-17,1.25,23,17.2,923.8,0
2023-02-18,0.47,22,18.0,958.3,0
2023-02-19,3.16,24,18.0,950.1,0
2023-02-20,2.39,24,18.0,984.2,0
2023-02-21,1.61,23,17.2,887.4,0
2023-02-22,2.85,23,18.0,967.5,0
2023-02-23,3.03,25,18.0,968.4,0
2023-02-24,1.85,23,18.0,959.5,0
2023-02-25,2.72,25,17.6,1006.3,0
2023-02-26,1.79,22,18.0,952.5,0
2023-02-27,1.71,23,18.0,978.5,0
2023-02-28,1.45,20,18.0,922.4,0
2023-03-01,2.1,24,17.8,954.7,0
2023-03-02,0.26,24,18.0,984.0,0
2023-03-03,3.19,25,18.0,955.5,0
2023-03-04,3.08,24,18.0,957.8,0
2023-03-05,0.04,23,17.5,966.3,0
2023-03-06,2.62,25,16.8,946.6,0
2023-03-07,0.21,23,17.8,911.0,0
2023-03-08,0.61,22,18.0,976.3,0
2023-03-09,2.04,23,17.8,960.3,0
2023-03-10,0.26,19,18.0,897.3,0
2023-03-11,2.56,23,18.0,934.4,0
2023-03-12,2.68,22,16.5,897.0,0
2023-03-13,1.06,24,16.8,942.5,0
2023-03-14,0.01,25,15.6,902.0,0
2023-03-15,0.51,23,15.2,867.5,0
2023-03-16,1.44,25,18.0,960.0,0
2023-03-17,5.96,23,18.0,947.1,0
2023-03-18,1.5,25,14.9,916.1,0
2023-03-19,0.45,24,18.0,957.1,0
2023-03-20,1.51,23,17.6,980.3,0
2023-03-21,1.16,23,18.0,925.3,0
2023-03-22,2.27,24,17.7,956.8,0
2023-03-23,0.17,24,15.7,889.0,0
2023-03-24,2.15,22,16.3,881.8,0
2023-03-25,1.17,25,18.0,1017.4,0
2023-03-26,4.94,24,18.0,952.3,0
2023-03-27,0.63,25,18.0,981.0,0
2023-03-28,1.5,23,18.0,967.1,0
2023-03-29,4.03,24,18.0,973.9,0
2023-03-30,0.16,22,18.0,939.5,0
2023-03-31,4.15,21,15.9,836.0,0
2023-04-01,1.75,24,17.5,954.3,0
2023-04-02,0.11,24,16.4,945.2,0
2023-04-03,0.54,21,16.7,846.1,0
2023-04-04,1.85,24,18.0,958.1,0
2023-04-05,0.1,24,18.0,935.7,0
2023-04-06,1.31,24,18.0,982.7,0
2023-04-07,0.64,22,18.0,960.5,0
2023-04-08,1.45,25,17.9,982.3,0
2023-04-09,0.07,23,18.0,933.9,0
2023-04-10,3.08,21,17.1,871.0,0
2023-04-11,5.45,24,17.6,952.6,0
2023-04-12,5.2,24,17.1,938.6,0
2023-04-13,2.08,23,16.6,930.0,0
2023-04-14,0.21,20,17.7,879.0,0
2023-04-15,2.13,24,15.9,917.7,0
2023-04-16,0.04,21,17.3,889.4,0
2023-04-17,0.03,21,18.0,903.1,0
2023-04-18,0.59,24,18.0,965.4,0
2023-04-19,1.01,24,18.0,978.7,0
2023-04-20,2.21,23,18.0,972.3,0
2023-04-21,1.72,21,18.0,913.0,0
2023-04-22,0.89,22,17.3,890.5,0
2023-04-23,0.48,25,18.0,1010.0,0
2023-04-24,8.78,21,18.0,900.0,0
2023-04-25,0.83,22,18.0,941.2,0
2023-04-26,0.9,24,18.0,971.5,0
2023-04-27,0.27,22,15.6,862.1,0
2023-04-28,2.38,25,17.5,965.7,0
2023-04-29,1.77,24,16.8,947.0,0
2023-04-30,0.37,23,18.0,882.4,0
2023-05-01,0.13,24,18.0,994.7,0
2023-05-02,1.71,22,18.0,917.7,0
2023-05-03,1.59,25,18.0,998.2,0
2023-05-04,0.48,22,18.0,943.1,0
2023-05-05,4.52,20,18.0,925.5,0
2023-05-06,0.25,25,18.0,994.0,0
2023-05-07,0.85,24,18.0,955.4,0
2023-05-08,4.31,23,18.0,921.9,0
2023-05-09,0.82,24,17.6,953.0,0
2023-05-10,1.53,23,17.8,910.1,0
2023-05-11,0.76,23,17.0,911.9,0
2023-05-12,0.48,25,18.0,984.1,0
2023-05-13,6.2,22,16.7,882.4,0
2023-05-14,0.79,25,16.1,934.2,0
2023-05-15,3.37,24,17.5,951.1,0
2023-05-16,0.39,24,18.0,965.4,0
2023-05-17,0.36,21,17.8,863.6,0
2023-05-18,0.05,24,18.0,946.1,0
2023-05-19,1.58,22,18.0,948.9,0
2023-05-20,0.69,24,17.1,962.1,0
2023-05-21,3.0,22,18.0,898.2,0
2023-05-22,0.96,24,16.5,910.4,0
2023-05-23,5.17,24,18.0,993.4,0
2023-05-24,0.31,21,18.0,903.6,0
2023-05-25,3.04,25,18.0,987.8,0
2023-05-26,2.25,23,18.0,982.8,0
2023-05-27,2.21,24,16.9,931.0,0
2023-05-28,2.79,24,15.2,877.6,0
2023-05-29,2.15,23,18.0,950.9,0
2023-05-30,1.48,24,18.0,1009.1,0
2023-05-31,0.21,23,18.0,962.9,0
2023-06-01,4.93,24,18.0,972.4,0
2023-06-02,2.82,23,15.8,878.5,0
2023-06-03,12.1,25,18.0,1000.8,0
2023-06-04,76.39,24,13.6,609.0,1
2023-06-05,4.99,21,18.0,896.5,0
2023-06-06,20.07,22,16.3,899.0,0
2023-06-07,25.81,23,16.4,819.2,0
2023-06-08,4.88,23,18.0,954.5,0
2023-06-09,23.45,24,17.5,939.6,0
2023-06-10,8.25,20,15.6,820.3,0
2023-06-11,18.01,25,16.8,932.2,0
2023-06-12,18.07,23,16.7,892.6,0
2023-06-13,13.81,22,17.0,912.1,0
2023-06-14,1.7,24,16.2,911.3,0
2023-06-15,32.47,24,17.1,814.8,0
2023-06-16,6.96,25,18.0,1033.5,0
2023-06-17,3.72,21,18.0,894.2,0
2023-06-18,0.75,22,18.0,957.8,0
2023-06-19,16.09,23,18.0,924.5,0
2023-06-20,20.37,25,15.4,920.7,0
2023-06-21,0.3,23,17.1,921.0,0
2023-06-22,12.92,22,16.0,863.8,0
2023-06-23,4.62,23,18.0,957.9,0
2023-06-24,18.65,25,17.3,970.7,0
2023-06-25,3.45,25,18.0,973.8,0
2023-06-26,21.14,24,15.5,879.0,0
2023-06-27,8.8,24,16.1,883.4,0
2023-06-28,49.69,24,13.4,680.7,1
2023-06-29,2.66,25,15.9,901.9,0
2023-06-30,7.51,25,17.0,959.9,0
2023-07-01,2.17,23,16.0,905.5,0
2023-07-02,46.55,23,15.1,723.3,1
2023-07-03,37.77,22,17.6,788.7,0
2023-07-04,5.37,22,16.6,912.5,0
2023-07-05,19.42,24,18.0,963.8,0
2023-07-06,30.59,25,15.8,798.1,0
2023-07-07,14.58,23,15.9,884.8,0
2023-07-08,13.58,24,16.7,944.9,0
2023-07-09,4.98,23,14.9,848.5,0
2023-07-10,1.76,24,18.0,989.6,0
2023-07-11,40.95,25,15.4,764.6,0
2023-07-12,41.52,22,15.2,706.8,1
2023-07-13,18.05,25,18.0,969.1,0
2023-07-14,7.45,21,18.0,931.7,0
2023-07-15,7.73,24,18.0,970.9,0
2023-07-16,23.3,24,17.8,945.4,0
2023-07-17,40.93,22,15.4,719.1,1
2023-07-18,39.26,19,16.1,638.1,1
2023-07-19,27.24,24,15.8,834.4,0
2023-07-20,18.49,24,16.0,908.2,0
2023-07-21,1.58,22,17.2,863.8,0
2023-07-22,3.17,22,18.0,906.9,0
2023-07-23,41.19,24,14.9,739.1,1
2023-07-24,16.78,23,15.6,856.9,0
2023-07-25,0.17,23,17.5,953.5,0
2023-07-26,1.93,25,15.6,927.6,0
2023-07-27,19.6,25,15.5,922.6,0
2023-07-28,0.09,23,15.9,839.9,0
2023-07-29,3.16,23,18.0,943.5,0
2023-07-30,14.32,23,16.9,907.9,0
2023-07-31,21.19,23,17.0,904.2,0
2023-08-01,19.0,23,16.9,912.2,0
2023-08-02,4.57,24,18.0,949.5,0
2023-08-03,22.42,24,16.0,917.2,0
2023-08-04,4.87,21,18.0,933.3,0
2023-08-05,7.09,21,17.0,902.9,0
2023-08-06,24.7,23,17.3,929.6,0
2023-08-07,18.88,23,17.3,974.2,0
2023-08-08,34.06,23,15.2,783.9,0
2023-08-09,19.29,18,16.6,820.5,0
2023-08-10,15.12,23,15.7,876.2,0
2023-08-11,1.77,23,18.0,980.8,0
2023-08-12,8.25,22,17.5,942.6,0
2023-08-13,5.55,25,16.6,918.7,0
2023-08-14,5.03,23,17.2,952.6,0
2023-08-15,65.02,24,13.2,615.5,1
2023-08-16,8.99,22,16.1,860.9,0
2023-08-17,40.07,24,15.8,738.7,1
2023-08-18,17.95,23,17.5,934.9,0
2023-08-19,28.51,24,15.4,802.8,0
2023-08-20,12.57,23,17.3,966.0,0
2023-08-21,15.48,23,15.6,901.8,0
2023-08-22,12.21,21,16.7,868.6,0
2023-08-23,3.91,23,18.0,961.8,0
2023-08-24,23.07,23,16.1,912.2,0
2023-08-25,5.93,23,18.0,955.7,0
2023-08-26,0.44,24,16.8,925.3,0
2023-08-27,18.67,25,18.0,979.4,0
2023-08-28,3.51,25,16.3,946.7,0
2023-08-29,50.78,24,14.2,704.7,1
2023-08-30,55.4,23,14.5,666.0,1
2023-08-31,44.34,23,14.1,643.6,1
2023-09-01,8.32,23,16.8,893.1,0
2023-09-02,0.28,20,16.4,863.9,0
2023-09-03,47.44,24,13.3,635.1,1
2023-09-04,10.06,24,16.9,962.9,0
2023-09-05,61.22,23,15.0,687.8,1
2023-09-06,59.65,25,14.7,700.2,1
2023-09-07,34.51,25,15.8,825.1,0
2023-09-08,6.28,22,16.3,895.1,0
2023-09-09,8.75,22,18.0,932.6,0
2023-09-10,34.29,24,16.2,779.7,0
2023-09-11,6.86,23,15.3,893.1,0
2023-09-12,3.34,24,17.9,997.2,0
2023-09-13,14.65,25,17.8,959.4,0
2023-09-14,49.52,24,13.8,658.3,1
2023-09-15,21.43,23,16.6,910.4,0
2023-09-16,15.19,23,18.0,941.5,0
2023-09-17,1.84,24,16.6,933.7,0
2023-09-18,17.18,25,17.8,1006.7,0
2023-09-19,82.99,23,12.4,476.0,2
2023-09-20,2.72,21,17.9,946.6,0
2023-09-21,13.15,22,16.8,893.3,0
2023-09-22,37.77,20,18.0,789.4,0
2023-09-23,24.3,23,16.8,929.8,0
2023-09-24,21.49,23,15.2,885.2,0
2023-09-25,21.82,22,15.0,848.0,0
2023-09-26,8.02,24,18.0,977.9,0
2023-09-27,6.26,23,16.5,914.1,0
2023-09-28,29.83,25,16.9,849.7,0
2023-09-29,29.9,23,16.5,776.8,0
2023-09-30,36.32,20,16.0,698.3,1
2023-10-01,0.41,22,17.8,929.2,0
2023-10-02,5.33,24,16.4,909.6,0
2023-10-03,0.3,24,17.7,946.2,0
2023-10-04,2.89,19,18.0,916.7,0
2023-10-05,1.02,24,16.8,952.3,0
2023-10-06,0.43,22,18.0,931.0,0
2023-10-07,3.07,24,17.9,982.1,0
2023-10-08,0.88,22,16.7,890.0,0
2023-10-09,1.08,21,17.3,899.0,0
2023-10-10,0.67,22,18.0,944.8,0
2023-10-11,1.35,22,18.0,927.6,0
2023-10-12,0.27,24,17.6,946.6,0
2023-10-13,0.74,24,18.0,996.5,0
2023-10-14,5.23,22,17.9,945.5,0
2023-10-15,0.45,21,16.6,829.6,0
2023-10-16,1.6,24,17.2,933.9,0
2023-10-17,0.59,24,18.0,956.4,0
2023-10-18,2.23,24,17.6,947.9,0
2023-10-19,0.21,23,18.0,971.2,0
2023-10-20,5.25,24,18.0,972.4,0
2023-10-21,0.91,23,17.5,912.3,0
2023-10-22,0.4,23,18.0,946.3,0
2023-10-23,0.11,22,18.0,946.8,0
2023-10-24,0.28,24,17.8,962.6,0
2023-10-25,1.1,23,18.0,941.1,0
2023-10-26,0.62,24,17.8,973.9,0
2023-10-27,2.65,23,18.0,986.4,0
2023-10-28,0.85,24,18.0,981.2,0
2023-10-29,0.43,24,16.8,961.4,0
2023-10-30,1.44,22,16.6,882.2,0
2023-10-31,1.84,24,18.0,971.8,0
2023-11-01,0.27,24,17.1,944.0,0
2023-11-02,0.28,24,16.3,923.5,0
2023-11-03,0.06,22,16.1,888.6,0
2023-11-04,2.0,25,17.2,948.9,0
2023-11-05,1.64,25,18.0,1002.9,0
2023-11-06,0.97,23,17.2,896.8,0
2023-11-07,2.79,22,18.0,909.3,0
2023-11-08,2.46,25,18.0,1032.7,0
2023-11-09,1.32,23,17.5,927.4,0
2023-11-10,3.04,23,18.0,968.6,0
2023-11-11,0.35,24,18.0,1006.0,0
2023-11-12,0.18,23,17.4,890.6,0
2023-11-13,0.47,25,15.7,944.4,0
2023-11-14,0.09,22,16.5,904.0,0
2023-11-15,1.14,22,17.1,941.1,0
2023-11-16,4.14,25,16.5,922.8,0
2023-11-17,0.06,24,17.2,977.9,0
2023-11-18,0.2,22,17.4,904.6,0
2023-11-19,0.9,24,16.9,958.9,0
2023-11-20,4.07,24,18.0,971.3,0
2023-11-21,0.57,25,17.7,997.1,0
2023-11-22,1.06,24,18.0,973.0,0
2023-11-23,0.06,22,17.9,896.2,0
2023-11-24,0.24,23,18.0,891.6,0
2023-11-25,6.47,22,16.9,908.5,0
2023-11-26,5.03,24,18.0,966.7,0
2023-11-27,0.01,23,18.0,962.0,0
2023-11-28,4.55,25,18.0,985.0,0
2023-11-29,1.53,24,16.9,978.2,0
2023-11-30,3.04,24,17.8,971.0,0
2023-12-01,0.91,25,18.0,981.1,0
2023-12-02,1.09,22,18.0,942.7,0
2023-12-03,1.01,25,17.9,979.3,0
2023-12-04,1.65,19,15.9,822.2,0
2023-12-05,0.23,21,18.0,893.7,0
2023-12-06,0.05,22,17.2,911.4,0
2023-12-07,0.55,24,17.4,944.4,0
2023-12-08,1.83,21,18.0,895.5,0
2023-12-09,0.34,23,16.2,940.0,0
2023-12-10,1.68,22,17.2,891.6,0
2023-12-11,5.26,23,18.0,954.1,0
2023-12-12,0.15,25,18.0,973.9,0
2023-12-13,1.67,24,17.6,966.3,0
2023-12-14,0.88,25,18.0,964.4,0
2023-12-15,3.04,23,18.0,970.8,0
2023-12-16,0.29,22,18.0,976.7,0
2023-12-17,1.77,25,16.8,938.4,0
2023-12-18,2.73,25,18.0,1014.3,0
2023-12-19,4.34,25,17.3,962.4,0
2023-12-20,1.72,24,18.0,1002.1,0
2023-12-21,1.03,22,17.3,959.8,0
2023-12-22,1.44,24,18.0,967.3,0
2023-12-23,3.05,24,17.4,924.9,0
2023-12-24,1.27,23,18.0,973.0,0
2023-12-25,0.05,20,18.0,904.5,0
2023-12-26,4.01,22,17.1,920.4,0
2023-12-27,1.75,25,17.7,974.3,0
2023-12-28,1.69,23,17.4,919.2,0
2023-12-29,0.36,23,18.0,977.2,0
2023-12-30,1.61,21,18.0,924.4,0
2023-12-31,0.75,25,18.0,961.1,0
2024-01-01,1.58,24,18.0,985.7,0
2024-01-02,0.17,24,16.4,932.5,0
2024-01-03,1.61,25,18.0,983.5,0
2024-01-04,11.16,25,18.0,1022.4,0
2024-01-05,0.07,25,17.3,958.0,0
2024-01-06,5.67,22,16.0,872.8,0
2024-01-07,0.78,25,18.0,1005.4,0
2024-01-08,3.07,25,15.4,914.4,0
2024-01-09,2.29,24,17.3,924.8,0
2024-01-10,1.26,24,16.7,935.9,0
2024-01-11,2.01,25,16.1,924.9,0
2024-01-12,3.16,24,16.6,947.8,0
2024-01-13,0.78,24,18.0,975.0,0
2024-01-14,0.59,25,16.5,946.9,0
2024-01-15,1.65,24,17.6,938.6,0
2024-01-16,2.47,23,16.5,905.2,0
2024-01-17,2.16,23,16.4,925.9,0
2024-01-18,2.4,22,18.0,920.5,0
2024-01-19,0.86,22,17.0,905.0,0
2024-01-20,2.55,24,18.0,953.3,0
2024-01-21,0.19,24,17.8,943.0,0
2024-01-22,1.18,24,17.8,963.4,0
2024-01-23,0.01,24,17.9,972.3,0
2024-01-24,0.59,23,16.1,937.9,0
2024-01-25,0.68,23,18.0,944.9,0
2024-01-26,0.76,24,18.0,971.0,0
2024-01-27,1.78,22,18.0,911.0,0
2024-01-28,0.74,24,16.7,944.3,0
2024-01-29,0.89,20,18.0,908.0,0
2024-01-30,0.41,23,17.8,978.2,0
2024-01-31,0.7,24,18.0,994.2,0
2024-02-01,0.39,23,18.0,961.0,0
2024-02-02,0.11,22,17.0,895.7,0
2024-02-03,1.39,25,18.0,994.1,0
2024-02-04,1.65,21,18.0,915.8,0
2024-02-05,1.45,24,17.6,979.8,0
2024-02-06,0.93,23,17.1,942.7,0
2024-02-07,0.72,22,18.0,930.1,0
2024-02-08,2.99,24,16.8,905.4,0
2024-02-09,1.1,25,16.2,962.3,0
2024-02-10,0.98,23,18.0,965.6,0
2024-02-11,0.04,23,17.7,937.5,0
2024-02-12,0.63,24,18.0,982.9,0
2024-02-13,0.72,24,17.1,946.9,0
2024-02-14,0.76,22,18.0,962.4,0
2024-02-15,1.3,20,16.0,800.2,0
2024-02-16,1.14,25,18.0,982.1,0
2024-02-17,1.4,22,18.0,968.0,0
2024-02-18,2.17,23,17.3,945.3,0
2024-02-19,2.51,20,18.0,935.5,0
2024-02-20,1.9,24,18.0,947.6,0
2024-02-21,4.67,23,17.4,958.1,0
2024-02-22,0.03,24,17.9,989.4,0
2024-02-23,0.33,24,18.0,937.5,0
2024-02-24,0.01,22,17.0,899.2,0
2024-02-25,1.56,25,18.0,987.9,0
2024-02-26,3.42,22,17.4,885.3,0
2024-02-27,0.42,23,18.0,948.5,0
2024-02-28,3.93,23,18.0,971.5,0
2024-02-29,0.09,24,18.0,964.2,0
2024-03-01,4.09,24,18.0,976.8,0
2024-03-02,0.65,24,18.0,977.0,0
2024-03-03,0.16,23,16.6,911.5,0
2024-03-04,1.0,23,18.0,939.9,0
2024-03-05,0.45,25,18.0,1003.2,0
2024-03-06,0.5,23,17.9,920.2,0
2024-03-07,0.55,25,17.8,985.3,0
2024-03-08,2.44,24,18.0,999.7,0
2024-03-09,1.16,23,18.0,945.1,0
2024-03-10,0.56,25,18.0,975.5,0
2024-03-11,1.41,21,18.0,932.5,0
2024-03-12,1.89,21,17.0,891.4,0
2024-03-13,0.48,24,17.8,981.0,0
2024-03-14,0.8,25,16.5,945.0,0
2024-03-15,0.19,19,18.0,834.2,0
2024-03-16,0.3,25,15.8,949.1,0
2024-03-17,1.71,24,18.0,1013.4,0
2024-03-18,0.3,25,18.0,1015.7,0
2024-03-19,1.12,23,17.3,861.3,0
2024-03-20,1.85,23,16.2,910.2,0
2024-03-21,0.17,25,18.0,980.7,0
2024-03-22,1.26,22,18.0,914.3,0
2024-03-23,0.44,21,18.0,920.5,0
2024-03-24,4.94,21,17.5,900.0,0
2024-03-25,0.99,23,17.9,961.8,0
2024-03-26,2.46,21,16.2,865.8,0
2024-03-27,1.2,22,18.0,913.6,0
2024-03-28,0.07,22,16.3,874.8,0
2024-03-29,1.5,22,18.0,921.2,0
2024-03-30,4.54,24,16.6,895.2,0
2024-03-31,1.38,22,17.6,897.6,0
2024-04-01,2.57,24,15.8,900.4,0
2024-04-02,3.23,23,18.0,982.5,0
2024-04-03,0.39,21,18.0,907.3,0
2024-04-04,0.36,25,15.8,908.2,0
2024-04-05,1.42,19,18.0,858.4,0
2024-04-06,0.79,23,18.0,954.6,0
2024-04-07,2.75,24,18.0,995.6,0
2024-04-08,3.45,22,16.4,927.8,0
2024-04-09,0.65,25,18.0,995.7,0
2024-04-10,0.41,25,17.9,991.2,0
2024-04-11,2.27,24,18.0,961.1,0
2024-04-12,0.48,21,16.7,872.2,0
2024-04-13,2.59,23,18.0,966.6,0
2024-04-14,0.83,21,17.4,895.1,0
2024-04-15,1.65,20,18.0,896.8,0
2024-04-16,0.15,24,15.3,889.3,0
2024-04-17,1.47,21,18.0,906.2,0
2024-04-18,0.9,24,17.9,968.4,0
2024-04-19,1.33,24,15.9,869.4,0
2024-04-20,0.28,24,18.0,983.0,0
2024-04-21,2.0,25,15.9,973.0,0
2024-04-22,2.98,24,18.0,961.0,0
2024-04-23,0.37,21,17.2,900.6,0
2024-04-24,0.15,23,18.0,971.0,0
2024-04-25,0.04,24,18.0,997.6,0
2024-04-26,1.54,24,17.4,948.7,0
2024-04-27,1.4,24,17.1,910.1,0
2024-04-28,1.19,23,18.0,959.3,0
2024-04-29,0.4,23,18.0,956.6,0
2024-04-30,0.74,25,16.5,938.4,0
2024-05-01,1.35,24,17.2,945.0,0
2024-05-02,1.03,23,18.0,956.9,0
2024-05-03,6.61,23,18.0,961.2,0
2024-05-04,0.22,23,15.6,889.8,0
2024-05-05,1.78,25,18.0,985.6,0
2024-05-06,0.78,24,18.0,979.7,0
2024-05-07,0.84,24,18.0,966.3,0
2024-05-08,1.9,23,16.3,915.7,0
2024-05-09,1.77,21,17.9,902.2,0
2024-05-10,7.11,21,17.3,898.8,0
2024-05-11,0.21,24,14.7,839.4,0
2024-05-12,0.16,22,18.0,928.6,0
2024-05-13,1.93,23,15.8,898.5,0
2024-05-14,1.3,24,18.0,951.3,0
2024-05-15,0.48,24,18.0,965.6,0
2024-05-16,0.12,23,14.8,810.7,0
2024-05-17,0.13,23,18.0,926.6,0
2024-05-18,3.37,24,18.0,949.9,0
2024-05-19,0.32,23,17.6,945.2,0
2024-05-20,0.59,25,18.0,996.7,0
2024-05-21,0.39,24,17.5,956.9,0
2024-05-22,0.66,24,18.0,964.3,0
2024-05-23,0.11,24,15.3,884.4,0
2024-05-24,1.1,22,17.3,928.1,0
2024-05-25,0.11,25,18.0,994.3,0
2024-05-26,2.42,23,17.7,938.0,0
2024-05-27,0.4,25,18.0,1015.9,0
2024-05-28,1.16,22,18.0,975.0,0
2024-05-29,3.18,24,18.0,947.1,0
2024-05-30,1.58,23,15.4,885.4,0
2024-05-31,1.14,24,18.0,1033.8,0
2024-06-01,29.95,21,15.2,743.1,1
2024-06-02,78.56,24,13.2,577.5,1
2024-06-03,2.93,25,18.0,988.9,0
2024-06-04,16.23,23,16.7,924.2,0
2024-06-05,8.63,24,16.9,955.4,0
2024-06-06,63.07,23,13.1,581.0,1
2024-06-07,33.23,23,18.0,847.1,0
2024-06-08,32.8,23,17.3,782.5,0
2024-06-09,11.38,21,16.1,856.6,0
2024-06-10,9.65,25,18.0,971.9,0
2024-06-11,5.75,24,17.4,960.0,0
2024-06-12,1.04,22,18.0,902.9,0
2024-06-13,36.01,24,14.7,748.2,1
2024-06-14,30.17,25,14.9,818.9,0
2024-06-15,147.1,22,7.3,131.2,2
2024-06-16,102.51,25,9.9,381.7,2
2024-06-17,14.59,24,15.2,891.7,0
2024-06-18,26.38,25,17.7,883.4,0
2024-06-19,52.13,24,15.5,725.6,1
2024-06-20,34.11,23,14.6,729.7,1
2024-06-21,5.11,23,16.3,942.6,0
2024-06-22,10.78,24,18.0,940.8,0
2024-06-23,2.49,23,18.0,1010.7,0
2024-06-24,55.44,22,15.1,663.4,1
2024-06-25,16.77,25,18.0,993.7,0
2024-06-26,4.67,22,18.0,924.5,0
2024-06-27,20.05,24,18.0,959.7,0
2024-06-28,17.33,22,17.2,896.2,0
2024-06-29,7.98,23,17.1,940.3,0
2024-06-30,2.17,21,17.3,869.8,0
2024-07-01,20.04,23,17.3,939.5,0
2024-07-02,13.22,21,17.7,865.3,0
2024-07-03,26.64,24,16.1,834.5,0
2024-07-04,13.22,24,18.0,989.0,0
2024-07-05,34.41,22,14.6,697.0,1
2024-07-06,14.45,23,15.5,892.4,0
2024-07-07,14.82,25,17.8,983.9,0
2024-07-08,37.67,25,16.0,840.4,0
2024-07-09,9.3,24,15.9,891.5,0
2024-07-10,2.59,22,18.0,991.6,0
2024-07-11,0.53,21,17.3,848.0,0
2024-07-12,25.33,22,16.4,801.0,0
2024-07-13,17.43,25,15.0,865.1,0
2024-07-14,21.92,24,16.0,947.5,0
2024-07-15,4.31,23,17.1,920.4,0
2024-07-16,2.64,21,17.1,888.9,0
2024-07-17,0.26,24,18.0,980.9,0
2024-07-18,7.77,24,18.0,971.9,0
2024-07-19,16.05,24,16.0,900.3,0
2024-07-20,8.96,23,17.3,906.4,0
2024-07-21,10.36,24,18.0,975.4,0
2024-07-22,42.21,23,12.9,674.6,1
2024-07-23,7.71,25,16.3,953.3,0
2024-07-24,12.99,22,17.1,946.9,0
2024-07-25,27.56,19,16.5,705.1,1
2024-07-26,9.09,24,17.2,945.3,0
2024-07-27,17.52,23,16.2,924.2,0
2024-07-28,35.7,23,18.0,837.3,0
2024-07-29,53.75,23,11.9,551.7,1
2024-07-30,2.86,23,18.0,928.2,0
2024-07-31,47.01,23,14.9,716.2,1
2024-08-01,12.2,24,17.1,952.2,0
2024-08-02,5.38,21,15.2,848.8,0
2024-08-03,11.06,23,17.4,919.4,0
2024-08-04,70.45,25,11.4,571.7,1
2024-08-05,12.21,25,16.7,932.0,0
2024-08-06,7.18,23,18.0,959.2,0
2024-08-07,18.06,24,16.6,932.1,0
2024-08-08,4.94,22,17.8,914.0,0
2024-08-09,1.42,23,18.0,985.2,0
2024-08-10,2.48,23,17.4,902.0,0
2024-08-11,2.47,25,17.8,981.4,0
2024-08-12,2.97,22,17.1,893.2,0
2024-08-13,2.69,22,17.6,960.3,0
2024-08-14,18.43,24,17.6,970.5,0
2024-08-15,3.61,24,16.8,924.1,0
2024-08-16,7.63,22,18.0,930.4,0
2024-08-17,40.88,23,18.0,860.4,0
2024-08-18,11.56,21,17.1,871.3,0
2024-08-19,19.82,24,17.3,917.0,0
2024-08-20,3.4,22,17.3,921.3,0
2024-08-21,3.84,23,15.3,880.6,0
2024-08-22,0.75,22,15.5,874.8,0
2024-08-23,3.33,24,18.0,984.7,0
2024-08-24,5.88,24,18.0,1007.4,0
2024-08-25,3.51,23,17.1,891.6,0
2024-08-26,1.67,24,18.0,947.9,0
2024-08-27,2.31,25,17.4,984.5,0
2024-08-28,11.12,24,18.0,949.9,0
2024-08-29,4.16,24,17.4,925.5,0
2024-08-30,8.15,23,18.0,991.3,0
2024-08-31,12.6,22,15.7,835.8,0
2024-09-01,21.1,20,17.3,872.0,0
2024-09-02,0.72,22,17.2,909.6,0
2024-09-03,28.92,23,17.6,875.3,0
2024-09-04,17.79,22,15.9,834.9,0
2024-09-05,1.54,23,18.0,962.3,0
2024-09-06,37.23,22,15.2,715.2,1
2024-09-07,45.66,23,13.7,692.3,1
2024-09-08,1.13,24,18.0,953.9,0
2024-09-09,5.84,21,18.0,949.4,0
2024-09-10,29.54,21,15.4,728.5,1
2024-09-11,24.83,23,17.4,885.4,0
2024-09-12,3.67,22,18.0,920.2,0
2024-09-13,4.23,23,17.4,930.8,0
2024-09-14,8.33,24,15.8,928.0,0
2024-09-15,11.93,23,17.2,904.0,0
2024-09-16,17.33,24,16.8,911.7,0
2024-09-17,8.29,23,16.6,930.1,0
2024-09-18,11.18,24,17.2,920.3,0
2024-09-19,24.77,25,15.6,914.0,0
2024-09-20,0.67,23,16.7,910.7,0
2024-09-21,5.24,24,18.0,976.4,0
2024-09-22,22.49,23,18.0,939.0,0
2024-09-23,40.6,22,16.3,735.8,1
2024-09-24,12.9,25,15.7,927.4,0
2024-09-25,13.67,25,17.1,946.0,0
2024-09-26,2.04,23,18.0,926.8,0
2024-09-27,10.68,24,15.9,933.2,0
2024-09-28,13.69,23,17.2,940.0,0
2024-09-29,5.0,22,18.0,971.4,0
2024-09-30,5.65,23,18.0,969.7,0
2024-10-01,3.27,22,17.3,889.0,0
2024-10-02,0.9,22,18.0,937.9,0
2024-10-03,0.32,22,16.2,862.7,0
2024-10-04,0.69,24,18.0,939.0,0
2024-10-05,0.8,24,18.0,963.1,0
2024-10-06,2.64,24,18.0,991.6,0
2024-10-07,1.98,25,18.0,995.5,0
2024-10-08,2.2,23,18.0,926.2,0
2024-10-09,0.02,23,18.0,944.4,0
2024-10-10,0.81,22,18.0,933.1,0
2024-10-11,0.98,25,18.0,956.2,0
2024-10-12,0.03,24,15.4,908.8,0
2024-10-13,0.45,23,15.8,882.5,0
2024-10-14,2.14,25,18.0,962.2,0
2024-10-15,0.22,23,18.0,925.1,0
2024-10-16,1.15,23,18.0,976.0,0
2024-10-17,0.36,23,17.5,932.1,0
2024-10-18,0.02,24,18.0,995.8,0
2024-10-19,0.41,21,18.0,949.4,0
2024-10-20,5.59,25,15.7,942.3,0
2024-10-21,2.43,22,18.0,925.3,0
2024-10-22,4.81,25,16.9,906.6,0
2024-10-23,1.0,24,18.0,978.3,0
2024-10-24,0.17,19,18.0,923.8,0
2024-10-25,1.19,23,18.0,953.3,0
2024-10-26,0.91,24,18.0,932.2,0
2024-10-27,2.79,23,16.4,893.3,0
2024-10-28,0.15,20,18.0,896.3,0
2024-10-29,1.0,24,17.6,937.2,0
2024-10-30,0.24,22,18.0,884.7,0
2024-10-31,0.59,22,17.5,917.9,0
2024-11-01,2.01,25,18.0,974.3,0
2024-11-02,0.97,21,16.9,920.3,0
2024-11-03,0.71,22,18.0,938.0,0
2024-11-04,0.75,24,16.6,938.2,0
2024-11-05,0.92,23,18.0,950.8,0
2024-11-06,2.31,24,18.0,973.9,0
2024-11-07,3.34,24,17.0,907.8,0
2024-11-08,4.66,25,17.9,967.0,0
2024-11-09,2.32,25,18.0,1011.8,0
2024-11-10,0.57,23,17.6,945.1,0
2024-11-11,1.75,23,16.7,906.3,0
2024-11-12,0.86,23,16.4,915.8,0
2024-11-13,0.44,25,18.0,1000.1,0
2024-11-14,2.76,25,17.6,1019.1,0
2024-11-15,0.06,24,17.9,973.3,0
2024-11-16,3.48,23,16.0,872.2,0
2024-11-17,0.93,24,18.0,969.7,0
2024-11-18,1.52,23,18.0,966.2,0
2024-11-19,1.62,22,18.0,955.9,0
2024-11-20,3.38,25,18.0,957.7,0
2024-11-21,1.52,25,17.6,983.1,0
2024-11-22,1.43,22,16.0,857.6,0
2024-11-23,0.1,25,18.0,978.7,0
2024-11-24,1.1,23,18.0,970.9,0
2024-11-25,0.24,19,17.8,889.7,0
2024-11-26,2.01,25,17.2,951.2,0
2024-11-27,1.08,24,18.0,968.8,0
2024-11-28,1.71,22,16.2,871.3,0
2024-11-29,0.06,23,18.0,1011.8,0
2024-11-30,0.13,23,18.0,959.6,0
2024-12-01,1.89,25,17.5,958.8,0
2024-12-02,0.11,22,17.5,948.1,0
2024-12-03,0.11,22,17.9,961.2,0
2024-12-04,0.02,25,18.0,1025.8,0
2024-12-05,4.7,23,14.9,902.2,0
2024-12-06,2.01,25,18.0,1004.2,0
2024-12-07,0.65,21,17.8,905.7,0
2024-12-08,0.53,25,17.2,962.7,0
2024-12-09,0.65,23,18.0,948.2,0
2024-12-10,2.24,24,17.8,957.4,0
2024-12-11,1.62,25,18.0,1014.8,0
2024-12-12,0.31,24,17.5,956.4,0
2024-12-13,0.29,23,18.0,973.4,0
2024-12-14,0.16,20,17.7,903.5,0
2024-12-15,1.62,24,18.0,950.0,0
2024-12-16,2.17,23,18.0,919.7,0
2024-12-17,0.46,25,18.0,965.3,0
2024-12-18,0.03,24,18.0,963.5,0
2024-12-19,0.13,20,18.0,902.7,0
2024-12-20,5.16,23,18.0,941.0,0
2024-12-21,0.53,25,18.0,1004.1,0
2024-12-22,2.2,24,17.7,951.6,0
2024-12-23,1.47,23,17.8,954.6,0
2024-12-24,0.72,25,16.4,945.7,0
2024-12-25,0.35,24,14.9,912.6,0
2024-12-26,0.19,23,16.6,893.2,0
2024-12-27,1.43,25,18.0,1034.2,0
2024-12-28,2.24,25,18.0,978.1,0
2024-12-29,1.55,25,16.9,928.8,0
2024-12-30,1.13,23,18.0,949.7,0
2024-12-31,0.06,23,18.0,1018.8,0
2025-01-01,5.19,23,17.9,970.1,0
2025-01-02,2.4,22,17.1,922.2,0
2025-01-03,0.52,23,17.2,946.8,0
2025-01-04,5.87,23,18.0,938.6,0
2025-01-05,1.38,23,18.0,960.5,0
2025-01-06,1.31,24,17.4,953.4,0
2025-01-07,2.07,24,18.0,1008.2,0
2025-01-08,2.51,22,16.4,885.4,0
2025-01-09,1.6,23,17.2,921.3,0
2025-01-10,0.21,23,17.8,924.1,0
2025-01-11,0.62,25,17.5,977.5,0
2025-01-12,3.95,22,18.0,941.9,0
2025-01-13,0.38,23,18.0,930.0,0
2025-01-14,0.7,22,18.0,945.1,0
2025-01-15,0.85,24,17.3,957.0,0
2025-01-16,0.87,23,17.7,965.3,0
2025-01-17,1.42,22,18.0,960.2,0
2025-01-18,4.3,21,16.8,884.3,0
2025-01-19,0.41,22,18.0,915.3,0
2025-01-20,0.19,24,18.0,955.4,0
2025-01-21,0.33,24,17.7,997.4,0
2025-01-22,3.27,24,18.0,975.3,0
2025-01-23,1.56,25,18.0,1024.9,0
2025-01-24,0.51,21,18.0,927.1,0
2025-01-25,2.54,23,18.0,969.1,0
2025-01-26,2.96,22,18.0,954.8,0
2025-01-27,2.81,25,18.0,965.5,0
2025-01-28,3.77,25,16.3,945.1,0
2025-01-29,0.44,23,18.0,929.3,0
2025-01-30,2.11,21,18.0,912.3,0
2025-01-31,0.93,21,17.5,915.3,0
2025-02-01,2.77,24,18.0,951.5,0
2025-02-02,1.96,23,18.0,965.2,0
2025-02-03,2.25,24,17.4,923.8,0
2025-02-04,1.6,23,18.0,976.9,0
2025-02-05,0.29,20,18.0,886.7,0
2025-02-06,1.18,24,17.2,927.4,0
2025-02-07,6.27,23,18.0,925.3,0
2025-02-08,4.16,23,18.0,942.4,0
2025-02-09,0.07,25,18.0,951.8,0
2025-02-10,0.27,22,17.6,913.6,0
2025-02-11,0.21,24,16.4,945.6,0
2025-02-12,1.94,22,18.0,932.2,0
2025-02-13,2.55,20,17.7,867.3,0
2025-02-14,0.36,22,16.9,909.0,0
2025-02-15,1.06,24,18.0,974.8,0
2025-02-16,2.76,24,18.0,1011.1,0
2025-02-17,1.98,25,17.4,986.7,0
2025-02-18,1.17,22,16.7,903.7,0
2025-02-19,1.34,24,16.8,955.4,0
2025-02-20,1.07,24,17.5,954.0,0
2025-02-21,0.53,24,17.8,965.9,0
2025-02-22,1.25,24,18.0,1005.2,0
2025-02-23,1.75,23,16.8,886.6,0
2025-02-24,3.1,23,16.8,938.0,0
2025-02-25,1.52,24,18.0,969.8,0
2025-02-26,2.15,25,17.4,966.8,0
2025-02-27,0.26,22,17.2,900.9,0
2025-02-28,0.93,24,16.9,941.5,0
2025-03-01,0.01,25,18.0,989.1,0
2025-03-02,0.42,25,18.0,981.7,0
2025-03-03,1.94,24,18.0,957.9,0
2025-03-04,7.21,24,18.0,933.9,0
2025-03-05,0.16,22,18.0,921.5,0
2025-03-06,0.77,24,18.0,961.8,0
2025-03-07,2.41,25,15.3,911.0,0
2025-03-08,0.34,24,16.9,978.4,0
2025-03-09,1.21,21,16.8,868.3,0
2025-03-10,1.98,23,17.3,912.6,0
2025-03-11,1.44,25,18.0,975.7,0
2025-03-12,0.31,22,18.0,939.1,0
2025-03-13,0.66,24,18.0,983.8,0
2025-03-14,2.3,24,17.6,975.2,0
2025-03-15,1.21,25,17.5,990.1,0
2025-03-16,0.01,22,18.0,955.3,0
2025-03-17,2.15,24,18.0,966.4,0
2025-03-18,0.05,25,18.0,1031.1,0
2025-03-19,2.05,24,18.0,964.9,0
2025-03-20,0.34,22,16.4,891.3,0
2025-03-21,4.76,25,15.0,927.0,0
2025-03-22,0.69,24,16.5,938.8,0
2025-03-23,0.59,22,18.0,891.2,0
2025-03-24,0.24,23,17.0,925.3,0
2025-03-25,0.55,23,16.7,933.3,0
2025-03-26,3.14,22,18.0,909.1,0
2025-03-27,8.41,21,16.9,898.6,0
2025-03-28,0.69,24,18.0,979.8,0
2025-03-29,0.89,23,16.1,920.9,0
2025-03-30,1.92,23,17.4,923.2,0
2025-03-31,3.26,23,18.0,973.9,0
2025-04-01,1.35,25,17.1,966.4,0
2025-04-02,0.75,21,16.7,913.7,0
2025-04-03,0.8,23,17.7,1001.0,0
2025-04-04,1.78,24,17.3,981.9,0
2025-04-05,0.0,23,18.0,963.6,0
2025-04-06,1.45,23,18.0,1000.4,0
2025-04-07,0.66,24,18.0,984.1,0
2025-04-08,2.37,25,17.2,948.3,0
2025-04-09,0.15,23,18.0,953.2,0
2025-04-10,1.33,23,17.0,937.7,0
2025-04-11,0.98,21,18.0,934.5,0
2025-04-12,1.54,24,18.0,949.5,0
2025-04-13,0.1,23,17.0,902.0,0
2025-04-14,1.3,25,17.6,972.6,0
2025-04-15,1.24,24,18.0,982.7,0
2025-04-16,1.23,24,16.7,945.6,0
2025-04-17,1.39,23,18.0,956.8,0
2025-04-18,1.69,24,18.0,955.3,0
2025-04-19,2.45,23,18.0,988.7,0
2025-04-20,0.47,23,18.0,932.6,0
2025-04-21,2.61,25,16.3,963.7,0
2025-04-22,1.03,20,18.0,914.8,0
2025-04-23,0.12,22,18.0,961.6,0
2025-04-24,0.09,24,17.5,947.1,0
2025-04-25,0.61,24,18.0,969.1,0
2025-04-26,2.3,23,18.0,955.1,0
2025-04-27,1.84,24,16.5,917.7,0
2025-04-28,2.33,25,15.4,916.3,0
2025-04-29,1.09,24,17.6,990.9,0
2025-04-30,0.87,24,18.0,946.1,0
2025-05-01,0.24,23,18.0,940.9,0
2025-05-02,0.6,21,17.8,896.3,0
2025-05-03,0.85,25,17.6,976.3,0
2025-05-04,0.14,22,15.8,866.1,0
2025-05-05,0.37,21,16.8,897.7,0
2025-05-06,1.37,24,17.8,966.9,0
2025-05-07,2.0,23,18.0,960.1,0
2025-05-08,9.61,24,13.7,852.2,0
2025-05-09,4.06,22,17.0,910.2,0
2025-05-10,1.54,22,18.0,950.1,0
2025-05-11,0.82,23,18.0,951.6,0
2025-05-12,1.52,21,18.0,950.9,0
2025-05-13,2.31,23,18.0,1004.8,0
2025-05-14,0.19,22,17.6,938.5,0
2025-05-15,0.79,24,15.8,910.8,0
2025-05-16,2.75,22,18.0,948.5,0
2025-05-17,0.73,24,17.9,946.5,0
2025-05-18,1.27,24,18.0,975.6,0
2025-05-19,1.33,20,17.3,863.9,0
2025-05-20,0.31,23,18.0,964.2,0
2025-05-21,0.67,25,18.0,975.5,0
2025-05-22,0.61,24,18.0,965.1,0
2025-05-23,0.04,24,18.0,934.6,0
2025-05-24,0.04,21,16.4,846.1,0
2025-05-25,2.67,24,16.3,927.2,0
2025-05-26,0.48,22,18.0,918.6,0
2025-05-27,1.09,23,16.5,928.9,0
2025-05-28,0.53,25,18.0,970.9,0
2025-05-29,4.24,22,18.0,945.1,0
2025-05-30,0.45,22,17.9,917.8,0
2025-05-31,0.84,21,17.6,913.8,0
2025-06-01,0.36,22,18.0,905.3,0
2025-06-02,1.98,24,17.8,958.2,0
2025-06-03,28.96,25,15.1,794.1,0
2025-06-04,3.54,22,17.6,941.9,0
2025-06-05,19.04,24,16.7,941.6,0
2025-06-06,4.9,24,17.1,919.8,0
2025-06-07,1.89,22,17.1,904.2,0
2025-06-08,5.02,22,17.7,912.8,0
2025-06-09,23.06,22,17.0,926.0,0
2025-06-10,34.85,23,15.4,791.4,0
2025-06-11,31.92,23,17.8,816.6,0
2025-06-12,9.11,22,17.6,941.9,0
2025-06-13,19.85,23,18.0,937.5,0
2025-06-14,4.13,23,18.0,948.9,0
2025-06-15,6.24,25,18.0,990.6,0
2025-06-16,40.8,22,14.0,722.5,1
2025-06-17,0.24,23,18.0,932.9,0
2025-06-18,1.61,22,18.0,952.7,0
2025-06-19,4.19,23,17.1,904.5,0
2025-06-20,0.48,23,16.8,892.6,0
2025-06-21,3.6,23,17.1,929.1,0
2025-06-22,15.75,22,17.2,911.7,0
2025-06-23,9.85,23,17.1,869.3,0
2025-06-24,40.17,22,14.2,717.8,1
2025-06-25,30.61,23,16.5,768.9,0
2025-06-26,7.53,24,17.5,952.9,0
2025-06-27,5.41,24,17.9,997.0,0
2025-06-28,8.6,22,18.0,980.2,0
2025-06-29,16.06,25,15.8,917.6,0
2025-06-30,5.62,25,15.2,876.0,0
2025-07-01,17.61,22,17.9,958.0,0
2025-07-02,9.48,23,16.2,917.7,0
2025-07-03,14.46,23,18.0,944.2,0
2025-07-04,10.31,25,17.2,952.3,0
2025-07-05,6.28,23,15.8,872.8,0
2025-07-06,53.37,24,15.1,706.3,1
2025-07-07,25.96,23,16.3,825.9,0
2025-07-08,2.72,23,18.0,942.7,0
2025-07-09,36.51,23,16.4,779.3,0
2025-07-10,12.03,20,18.0,912.8,0
2025-07-11,40.49,24,14.8,716.3,1
2025-07-12,28.96,23,15.1,766.0,0
2025-07-13,9.97,23,17.6,908.5,0
2025-07-14,0.41,24,17.6,963.1,0
2025-07-15,5.63,22,18.0,897.2,0
2025-07-16,14.04,24,16.2,935.1,0
2025-07-17,18.07,24,16.6,904.9,0
2025-07-18,5.37,24,18.0,936.5,0
2025-07-19,2.7,24,16.7,925.5,0
2025-07-20,32.42,22,16.3,815.6,0
2025-07-21,74.89,24,14.5,642.5,1
2025-07-22,13.43,24,17.6,922.5,0
2025-07-23,3.39,24,18.0,945.1,0
2025-07-24,5.72,24,18.0,964.1,0
2025-07-25,0.33,24,17.8,1011.0,0
2025-07-26,44.22,24,14.8,715.1,1
2025-07-27,2.26,25,17.5,955.8,0
2025-07-28,15.47,23,17.0,953.5,0
2025-07-29,5.77,24,18.0,975.9,0
2025-07-30,14.54,22,17.1,929.9,0
2025-07-31,18.97,24,17.3,935.3,0
2025-08-01,31.87,19,17.8,772.8,0
2025-08-02,4.16,24,18.0,998.3,0
2025-08-03,0.2,24,16.9,936.7,0
2025-08-04,2.65,24,15.9,932.0,0
2025-08-05,41.45,24,14.5,740.8,1
2025-08-06,37.27,24,13.7,701.8,1
2025-08-07,16.38,22,16.8,899.8,0
2025-08-08,16.52,24,14.8,895.9,0
2025-08-09,19.69,24,14.2,872.1,0
2025-08-10,3.47,25,18.0,989.2,0
2025-08-11,44.25,22,14.8,660.1,1
2025-08-12,9.77,25,17.2,931.4,0
2025-08-13,8.7,24,17.9,938.2,0
2025-08-14,13.17,24,16.5,917.7,0
2025-08-15,0.87,24,17.9,961.2,0
2025-08-16,3.27,22,18.0,906.5,0
2025-08-17,24.11,24,16.4,945.2,0
2025-08-18,1.56,25,16.5,918.2,0
2025-08-19,16.64,20,16.7,832.7,0
2025-08-20,5.07,24,16.9,941.1,0
2025-08-21,8.88,23,17.7,965.7,0
2025-08-22,6.13,22,17.0,948.6,0
2025-08-23,7.91,24,18.0,983.7,0
2025-08-24,22.85,23,17.1,957.9,0
2025-08-25,6.35,22,17.7,902.8,0
2025-08-26,15.04,23,18.0,997.2,0
2025-08-27,11.63,25,18.0,952.8,0
2025-08-28,19.61,22,16.3,875.4,0
2025-08-29,49.71,23,14.5,702.0,1
2025-08-30,23.74,24,15.4,863.4,0
2025-08-31,4.36,24,18.0,953.5,0
2025-09-01,0.57,25,17.9,965.1,0
2025-09-02,5.48,24,18.0,965.8,0
2025-09-03,16.27,24,16.1,942.5,0
2025-09-04,0.95,24,16.5,927.6,0
2025-09-05,12.35,23,16.6,902.6,0
2025-09-06,16.35,23,15.6,825.4,0
2025-09-07,7.32,22,17.5,929.5,0
2025-09-08,26.53,24,15.3,820.9,0
2025-09-09,2.03,23,17.8,913.2,0
2025-09-10,1.41,21,18.0,916.7,0
2025-09-11,23.45,24,16.1,920.1,0
2025-09-12,12.32,24,18.0,991.3,0
2025-09-13,20.99,23,13.8,813.3,0
2025-09-14,10.27,24,17.7,946.0,0
2025-09-15,5.09,22,16.9,893.5,0
2025-09-16,30.78,21,16.0,784.1,0
2025-09-17,28.92,23,17.6,868.9,0
2025-09-18,21.36,19,18.0,881.6,0
2025-09-19,5.72,25,16.7,972.0,0
2025-09-20,16.06,23,15.1,818.7,0
2025-09-21,8.06,22,18.0,951.8,0
2025-09-22,1.73,23,18.0,931.6,0
2025-09-23,44.87,23,15.4,767.7,0
2025-09-24,2.65,23,18.0,932.7,0
2025-09-25,54.01,21,15.2,643.5,1
2025-09-26,10.63,23,16.6,922.0,0
2025-09-27,3.69,25,17.8,997.6,0
2025-09-28,14.05,24,18.0,963.1,0
2025-09-29,37.14,25,14.8,783.1,0
2025-09-30,23.72,23,15.6,892.5,0
2025-10-01,3.7,23,18.0,961.9,0
2025-10-02,1.14,20,17.8,884.7,0
2025-10-03,0.26,23,17.4,944.9,0
2025-10-04,1.79,24,17.4,981.2,0
2025-10-05,2.36,23,17.8,923.3,0
2025-10-06,0.57,23,16.2,884.5,0
2025-10-07,2.92,23,17.1,927.7,0
2025-10-08,3.55,23,18.0,932.9,0
2025-10-09,0.49,24,18.0,935.9,0
2025-10-10,6.16,22,18.0,957.9,0
2025-10-11,0.23,24,17.2,904.2,0
2025-10-12,0.34,23,18.0,946.0,0
2025-10-13,0.31,20,18.0,915.2,0
2025-10-14,3.37,24,16.5,932.5,0
2025-10-15,1.59,24,17.7,954.2,0
2025-10-16,0.25,24,16.5,906.4,0
2025-10-17,0.87,23,17.0,930.4,0
2025-10-18,1.43,21,18.0,898.2,0
2025-10-19,0.13,23,18.0,959.3,0
2025-10-20,3.21,22,16.6,896.8,0
2025-10-21,2.44,23,18.0,957.0,0
2025-10-22,1.06,24,17.4,942.0,0
2025-10-23,5.12,24,17.7,1003.9,0
2025-10-24,0.81,23,18.0,961.2,0
2025-10-25,6.21,24,17.4,949.7,0
2025-10-26,1.65,22,18.0,941.3,0
2025-10-27,1.51,23,18.0,938.5,0
2025-10-28,0.27,24,18.0,963.4,0
2025-10-29,3.2,24,18.0,1019.8,0
2025-10-30,0.84,22,18.0,920.7,0
2025-10-31,0.27,22,14.9,842.1,0
2025-11-01,0.02,23,17.2,921.4,0
2025-11-02,1.23,25,18.0,969.2,0
2025-11-03,1.12,23,16.2,909.6,0
2025-11-04,1.91,23,18.0,954.7,0
2025-11-05,3.31,24,18.0,990.2,0
2025-11-06,0.12,25,18.0,1006.2,0
2025-11-07,1.97,25,17.6,994.9,0
2025-11-08,0.31,24,16.3,903.7,0
2025-11-09,2.93,25,18.0,1002.8,0
2025-11-10,2.56,23,18.0,967.3,0
2025-11-11,1.17,24,16.6,910.0,0
2025-11-12,1.86,23,16.0,888.0,0
2025-11-13,0.57,24,18.0,942.9,0
2025-11-14,0.96,25,17.4,984.9,0
2025-11-15,2.59,24,17.6,972.0,0
2025-11-16,0.92,19,18.0,910.6,0
2025-11-17,0.66,23,18.0,949.4,0
2025-11-18,1.02,23,16.7,925.3,0
2025-11-19,2.64,24,17.6,980.0,0
2025-11-20,0.61,22,17.7,910.5,0
2025-11-21,0.29,24,18.0,953.9,0
2025-11-22,1.87,22,18.0,921.5,0
2025-11-23,2.62,25,18.0,983.0,0
2025-11-24,0.16,22,18.0,918.6,0
2025-11-25,0.41,22,16.2,869.8,0
2025-11-26,0.23,22,18.0,953.6,0
2025-11-27,0.64,22,18.0,934.1,0
2025-11-28,0.9,24,17.4,960.7,0
2025-11-29,2.07,22,17.1,898.5,0
2025-11-30,1.58,24,18.0,959.7,0
2025-12-01,1.46,24,18.0,977.7,0
2025-12-02,0.65,24,17.6,963.7,0
2025-12-03,2.76,24,18.0,987.6,0
2025-12-04,0.96,25,16.7,978.1,0
2025-12-05,5.8,23,14.7,840.8,0
2025-12-06,1.51,24,18.0,989.2,0
2025-12-07,0.2,23,16.5,887.7,0
2025-12-08,1.69,25,17.8,1024.3,0
2025-12-09,0.59,22,16.3,869.1,0
2025-12-10,1.74,22,17.0,920.3,0
2025-12-11,0.11,25,17.9,965.8,0
2025-12-12,0.29,21,17.1,887.0,0
2025-12-13,2.9,23,18.0,984.9,0
2025-12-14,0.39,22,18.0,919.6,0
2025-12-15,2.72,23,16.8,963.4,0
2025-12-16,0.49,24,18.0,971.9,0
2025-12-17,1.54,22,17.1,929.3,0
2025-12-18,1.78,22,17.8,939.4,0
2025-12-19,1.08,24,18.0,981.1,0
2025-12-20,0.55,23,18.0,925.5,0
2025-12-21,0.36,22,17.6,913.8,0
2025-12-22,0.05,23,18.0,977.9,0
2025-12-23,0.54,24,18.0,965.1,0
2025-12-24,1.59,24,16.3,924.1,0
2025-12-25,4.18,24,17.5,926.6,0
2025-12-26,3.07,23,17.3,921.1,0
2025-12-27,2.18,22,18.0,958.5,0
2025-12-28,2.33,23,17.2,904.6,0
2025-12-29,1.64,23,15.7,899.0,0
2025-12-30,0.45,23,18.0,957.6,0
2025-12-31,3.57,21,15.8,846.1,0
